PNR,Passenger,Origin,Destination,Fare,Status
7a7d4f60,John Stanley,JFK,LAX,715.4,Confirmed
1fa28ce9,Joshua Henry,ATL,LAX,976.49,Pending
22133fd0,Dalton Young,ATL,JFK,502.26,Confirmed
eaba6cc2,Judy King,DFW,LAX,206.52,Confirmed
0ee6366e,David Coleman,LAX,ORD,193.99,Pending
2ed59d50,James Goodman,JFK,ORD,590.17,Confirmed
c58a0baa,Ashley Mathis,LAX,JFK,273.39,Cancelled
80692106,John Robertson,JFK,ATL,916.76,Cancelled
8d272f4b,Alan White,DFW,ATL,459.51,Pending
cc3fc41f,Kevin Leach,ORD,ORD,556.64,Cancelled
9fb78890,Connie Wilson DDS,LAX,JFK,867.55,Cancelled
199f3be3,Becky Ochoa,LAX,JFK,414.29,Confirmed
dec721a2,Brendan Webb,JFK,DFW,633.31,Pending
d97c53a0,Terry Robinson,ATL,ORD,237.83,Confirmed
5dfe913a,Morgan Sutton,DFW,LAX,328.2,Cancelled
d9a16b06,Janet Deleon,ORD,ORD,179.81,Pending
96f13dae,Kara Lindsey,JFK,DFW,919.58,Cancelled
12848905,Sierra Wagner,LAX,LAX,378.35,Cancelled
b8222fba,Lori King,DFW,JFK,190.72,Cancelled
58c3e0c9,Ashley Banks,LAX,LAX,949.67,Pending
f12fab1b,Robert Jones,JFK,ORD,157.42,Cancelled
58d37f53,Holly Reed,ORD,LAX,212.09,Cancelled
545b4870,James Woods,LAX,ORD,693.7,Cancelled
146d5dc5,Kari Hampton,JFK,ORD,665.18,Cancelled
cd018115,Angela Reyes,DFW,ORD,391.56,Cancelled
d9939776,Mark Cook,ORD,ORD,440.89,Cancelled
11f0c671,Laura Reyes,ATL,JFK,706.02,Confirmed
17bf1aad,Melissa Walker,LAX,LAX,555.75,Pending
acf5a665,Dylan Johnson,JFK,ATL,189.51,Cancelled
2495847b,Kimberly Walker,ORD,ORD,844.16,Pending
53d7aceb,Paul Forbes,ORD,ORD,373.62,Confirmed
8057c520,Michael Lewis,ORD,LAX,291.02,Cancelled
d24a0cb3,Jonathon Roberts,ORD,ATL,816.22,Confirmed
5b1da1f5,Katie Miller,LAX,ATL,535.84,Pending
81380931,Kaitlin Archer,JFK,ORD,154.09,Confirmed
5c4bc71a,Lisa Jones,ATL,LAX,162.63,Pending
5f7d05d4,Tom Young,JFK,ORD,802.93,Pending
fc4cdd44,Karen Lopez,JFK,ORD,837.75,Pending
dc3dc540,Emily Villanueva,ATL,ORD,440.22,Pending
8966d7f2,Michael Campbell,DFW,JFK,404.2,Confirmed
196bcffc,Gloria Lowe,ORD,LAX,726.5,Pending
b519ba7f,James Hernandez,LAX,ATL,186.29,Pending
d231f96b,Chad Barber,JFK,JFK,825.4,Confirmed
bf035898,Donald Thomas,ATL,ATL,835.92,Confirmed
21ae8929,Mark Chavez,JFK,LAX,770.48,Confirmed
c84f3cdd,Ashley Watkins,ATL,ATL,161.65,Pending
b637b951,Martha Thomas,DFW,DFW,892.76,Pending
50fb51aa,Edwin Mosley,LAX,LAX,794.81,Cancelled
5ebfe2af,Ryan Hammond,DFW,ATL,637.38,Pending
71542a73,Julie Reilly,JFK,ATL,426.55,Pending
ed3d50dc,Danny Young,DFW,JFK,716.47,Confirmed
b13e8e60,Natalie Phelps,ATL,DFW,848.6,Pending
6ed39050,Andrew Guerrero,DFW,JFK,131.56,Confirmed
1ab79e35,Deborah Lee,DFW,ORD,360.07,Confirmed
5313483a,Thomas Ramirez,ATL,LAX,251.92,Cancelled
7f81b321,Christopher Le,ORD,ORD,874.59,Confirmed
25e8845f,Lee Wang,DFW,ATL,829.81,Confirmed
4bde277d,Heather Guerrero,ORD,ATL,465.67,Pending
8482c938,Jennifer Young,JFK,LAX,898.74,Confirmed
fa2537dd,Hunter Taylor,ORD,DFW,175.09,Confirmed
31da4346,William Bray,LAX,LAX,775.5,Pending
cfcb999c,Brandi Pearson,ATL,ORD,139.2,Cancelled
adca5202,Brooke Burnett,DFW,JFK,390.3,Pending
2bf26afa,Natalie Vaughn,DFW,DFW,662.69,Confirmed
1ca3fb34,Ernest Ali,LAX,ATL,619.26,Pending
733d2c6f,Kevin Delgado,ORD,JFK,209.67,Cancelled
b940d828,Beth Miller,DFW,ATL,419.37,Confirmed
feef18b9,Tanya Russell,ORD,ATL,772.29,Pending
f789edb4,Samantha Boone,ATL,ATL,899.61,Pending
48d29e27,Michelle Smith,LAX,ORD,354.1,Confirmed
6be55537,Michael Mullins,ATL,JFK,476.89,Pending
71aa06c2,Mr. Patrick Williams Jr.,LAX,ORD,345.06,Cancelled
70ff942c,Heather Hansen,DFW,ORD,295.34,Confirmed
a7ea654e,Jeremy Jennings,ATL,ORD,954.18,Pending
e9807d4d,Juan Hopkins,JFK,DFW,719.74,Cancelled
fb11e39d,Kathleen Parsons,JFK,ATL,161.44,Cancelled
55557026,Tim Williams,LAX,LAX,322.05,Cancelled
2de3e2df,Thomas Baker,JFK,JFK,310.52,Cancelled
38befcf7,Kathy Johnson,LAX,ORD,945.93,Confirmed
87a573da,Dawn Campbell,ATL,ATL,989.59,Confirmed
f94b82d1,Carrie Peterson,LAX,DFW,374.8,Pending
2bb23563,Elizabeth James DDS,LAX,LAX,120.66,Pending
4a489c14,Jimmy Vance,JFK,JFK,843.3,Cancelled
d67aaff5,Steven Weiss,JFK,ATL,178.89,Cancelled
69683472,Karen Rowe,LAX,ORD,183.43,Cancelled
0ecc2611,Sheila Black,ATL,ORD,321.74,Confirmed
e03fcadf,Hunter Miller,ATL,LAX,340.64,Confirmed
38578560,Michael Bruce,LAX,DFW,861.16,Confirmed
1a670d4e,Jeffrey Crawford,DFW,LAX,834.47,Pending
475a44ee,Nathan Lopez,LAX,JFK,476.3,Pending
3f69b8a7,Dr. Lauren Collier MD,ORD,ORD,806.33,Pending
d89f16b6,Gary Gordon,LAX,JFK,374.29,Confirmed
b3f32436,Kristen Castillo,ORD,LAX,609.31,Confirmed
0f30a97b,David Briggs,LAX,JFK,636.39,Cancelled
f5b3a897,Alexander Hardin,ORD,DFW,143.04,Confirmed
00f0c34e,Diane Lowe,ATL,DFW,632.58,Cancelled
0c1ebaa1,Kristina Moore,JFK,ATL,540.66,Cancelled
5aba1aa1,Kenneth Anderson IV,JFK,ATL,881.22,Confirmed
7962043b,Shawna Hoover,DFW,JFK,313.13,Pending
e62d0c46,Paul Howell,ORD,LAX,317.72,Confirmed
e4a918ad,Jason Henderson II,DFW,JFK,812.76,Cancelled
d564017f,Pamela Parrish,JFK,DFW,492.95,Cancelled
2621ee97,Benjamin Jensen,JFK,DFW,201.65,Confirmed
9f73bdd7,Tammy James,DFW,JFK,921.39,Pending
1bc97177,Suzanne Reyes,LAX,ATL,371.31,Cancelled
e6d2d96b,Melissa Diaz,JFK,DFW,355.49,Cancelled
de6899b1,Dean Walter,DFW,DFW,920.1,Pending
81e83251,Dale Gutierrez,ATL,ATL,599.25,Pending
954980ba,Nathan Mcclure,ORD,ORD,831.05,Cancelled
8b68eee0,Christopher Thomas,LAX,DFW,178.7,Pending
17a68eba,Ashley Rogers,ORD,JFK,338.31,Confirmed
a2d0cc05,Jacob Brooks,JFK,ORD,942.55,Pending
ae9a671d,Cassidy Ball,LAX,LAX,510.1,Pending
73a62dfd,Julie Velez,ATL,ATL,411.01,Confirmed
ff2f5532,Sandra Walton,LAX,LAX,990.2,Pending
e75522fc,Joseph Washington,ORD,ORD,258.46,Confirmed
eca4783f,Douglas Smith,DFW,ATL,483.33,Pending
cab1c8e5,Kristopher Jackson,DFW,JFK,369.05,Cancelled
80a62402,Brooke Hanson,DFW,JFK,999.37,Pending
9dbb85c2,Bob Barron,ATL,ATL,983.58,Confirmed
04316f5e,Blake Blanchard,ORD,DFW,274.68,Pending
e0d0fd68,Michael Allison,DFW,DFW,991.89,Cancelled
986dd9af,Denise Petersen,LAX,DFW,196.86,Confirmed
375c19b3,Scott Holloway,ATL,ATL,794.96,Cancelled
422f6187,Allison Nguyen,ORD,JFK,854.51,Pending
8b926d72,James Myers,LAX,DFW,432.78,Cancelled
e9818e80,Gail Rhodes,ATL,ORD,615.86,Cancelled
35589b9a,Pamela Adkins,ATL,ORD,138.71,Cancelled
88652eba,Jessica Price,JFK,ATL,342.2,Confirmed
c714e8f5,Jose Raymond,LAX,DFW,599.66,Cancelled
a922a72d,Elizabeth Rodriguez,LAX,DFW,609.41,Pending
41b94581,Marcus Smith,ORD,ORD,526.01,Cancelled
a08746b6,Lisa Miller,ATL,DFW,211.82,Pending
b44fd3c8,Sarah Cortez,JFK,DFW,341.23,Confirmed
c80b6da6,Julie Mason,ORD,ATL,733.94,Confirmed
c198d6d7,Jesus Hutchinson,DFW,LAX,330.79,Cancelled
38383138,Lauren Lindsey,ORD,JFK,380.61,Cancelled
0f7f9f96,Stephanie Martinez,JFK,LAX,823.41,Pending
1e08cbbf,Lori Weaver,ORD,LAX,449.09,Pending
5a61df92,Katherine Graham,ORD,LAX,389.25,Cancelled
aef10b12,Walter Bowers,ORD,LAX,185.34,Cancelled
6026ebb4,Brian Miller,JFK,ORD,467.98,Pending
f9da4a6b,Jamie Sanders,DFW,DFW,812.87,Confirmed
951bb48a,Bryan Schwartz,ORD,JFK,719.21,Confirmed
1956772b,Barbara Graves,ATL,ORD,523.64,Cancelled
179f7128,Michael Garcia,JFK,ATL,555.05,Confirmed
df308345,Christina Lowery,LAX,LAX,400.09,Pending
9bfe83c2,Deborah Baker,ORD,ORD,891.39,Confirmed
ecc36f8c,Dawn Scott,DFW,ORD,730.27,Confirmed
ffaf5377,Kathy Khan,JFK,JFK,804.62,Pending
0d9bfa16,John Johnson,ORD,ORD,769.64,Confirmed
d9c17bf2,Michael Osborne,LAX,ATL,505.41,Pending
6a563d71,Amanda Massey,DFW,ATL,965.9,Confirmed
1c4b31d4,Bryan Tyler,DFW,ORD,915.21,Pending
130bc702,Susan George,ATL,DFW,889.8,Pending
8cdd9277,Joseph Hudson,ORD,ATL,677.07,Cancelled
8feb68e5,Ronald Joyce,DFW,JFK,536.88,Confirmed
298d33d4,Jeffrey Stewart,ORD,JFK,277.71,Confirmed
2a71593e,Angela Martinez,JFK,DFW,718.66,Cancelled
cf8b091d,Kimberly Aguilar,JFK,ORD,251.33,Pending
4af66173,Brenda Snyder,DFW,ORD,690.84,Confirmed
ec179137,Christine Ross,ORD,ATL,219.31,Pending
760e27b5,Krystal Hunt,DFW,LAX,448.57,Pending
44ad5f6e,David Shaffer,LAX,JFK,429.18,Pending
c867d494,Pamela Lewis,DFW,ATL,387.22,Cancelled
97522119,Robert Barnes,ATL,ORD,383.89,Confirmed
9ae7eda2,Daniel Church,DFW,ORD,762.72,Confirmed
d30822fb,Gerald Mitchell,JFK,ORD,588.57,Pending
dd4d37f1,Mr. Joseph Martin,JFK,ATL,705.97,Confirmed
1723d623,Ryan Webster,JFK,ORD,196.21,Confirmed
f9b7fc77,Peter Strickland,DFW,ORD,426.1,Pending
4031f5db,Amanda Landry,DFW,ATL,934.82,Cancelled
71ce0bc2,Joshua Holmes,JFK,ORD,415.62,Confirmed
8f86e42c,Katherine Davis,LAX,LAX,433.06,Pending
4c7a89ba,Leslie Foster,ORD,ORD,108.0,Confirmed
64d003fe,Mark Jones,LAX,JFK,277.39,Cancelled
56fea7d0,Johnathan Watson,DFW,DFW,516.98,Pending
d2a4e86f,Brandon Bailey,ORD,DFW,114.7,Cancelled
094dabbf,Michael Collins,ATL,JFK,908.88,Cancelled
7aa67560,Sandra Wu,JFK,LAX,472.68,Pending
6bfb373f,Angela Garza,ATL,JFK,670.8,Confirmed
43b72097,Kelly Hinton,LAX,ATL,875.43,Pending
ebfa11d6,Dennis Robinson DVM,ATL,ATL,442.7,Confirmed
012b5a89,John Hudson,LAX,DFW,422.16,Cancelled
9ef8e69f,Brandy Sutton,ATL,DFW,382.03,Cancelled
772fcca6,Zachary Martinez,JFK,DFW,102.87,Pending
84048aa8,Curtis James,DFW,DFW,501.2,Pending
2f2aa47a,David Garcia,DFW,LAX,744.47,Confirmed
a8f37d71,Jennifer Jackson,ORD,ORD,506.25,Cancelled
32510dd9,Nina Cruz,DFW,ORD,566.19,Confirmed
eaf708ca,Ashley Tate,ATL,ORD,404.65,Confirmed
9b87c8c9,Cassandra Parks,LAX,ATL,253.78,Confirmed
d825d8e9,James Roth,LAX,DFW,842.2,Pending
b799a139,Melissa Clark,ORD,LAX,602.96,Pending
037f06e1,Elizabeth Young,ATL,DFW,261.21,Pending
21d3a689,Christina Allen,JFK,ATL,243.15,Cancelled
3b16d8d6,Stephen Gomez,ORD,DFW,971.71,Cancelled
660f0ab4,Kaitlyn Lopez,DFW,JFK,999.69,Confirmed
479387fa,Brian Johnson,DFW,ORD,659.8,Confirmed
702afcd8,Ann Martin,LAX,DFW,870.57,Pending
